[
  {
    "kjopsdato": "2024-04-01",
    "posteringsdato": "2024-04-02",
    "beskrivelse": "TV2 A/S, BERGEN, NOR",
    "belop": "-398.00"
  },
  {
    "kjopsdato": "2024-03-30",
    "posteringsdato": "2024-04-02",
    "beskrivelse": "Vipps*Samtiden, Oslo, NOR",
    "belop": "-560.00"
  },
  {
    "kjopsdato": "2024-03-15",
    "posteringsdato": "2024-03-18",
    "beskrivelse": "Foodora Norway, Oslo, NOR",
    "belop": "-358.20"
  },
  {
    "kjopsdato": "2024-03-15",
    "posteringsdato": "2024-03-18",
    "beskrivelse": "POINT (A357), Gardermoen, NOR",
    "belop": "-188.00"
  },
  {
    "kjopsdato": "2024-03-15",
    "posteringsdato": "2024-03-18",
    "beskrivelse": "JAPAN PHOTO 22, Oslo, NOR",
    "belop": "-144.00"
  },
  {
    "kjopsdato": "2024-03-15",
    "posteringsdato": "2024-03-15",
    "beskrivelse": "Vipps*Ruter, Oslo, NOR",
    "belop": "-64.86"
  },
  {
    "kjopsdato": "2024-03-14",
    "posteringsdato": "2024-03-15",
    "beskrivelse": "4363 EXTRA BIRKELUNDEN, OSLO, NOR",
    "belop": "-27.90"
  },
  {
    "kjopsdato": "2024-03-14",
    "posteringsdato": "2024-03-18",
    "beskrivelse": "COOP PRIX CARL BERNER, OSLO, NOR",
    "belop": "-465.30"
  },
  {
    "kjopsdato": "2024-03-14",
    "posteringsdato": "2024-03-15",
    "beskrivelse": "APOTEK 1, OSLO, NOR",
    "belop": "-1046.71"
  },
  {
    "kjopsdato": "2024-03-13",
    "posteringsdato": "2024-03-14",
    "beskrivelse": "KAFE ASYLET, Oslo, NOR",
    "belop": "-194.00"
  },
  {
    "kjopsdato": "2024-03-13",
    "posteringsdato": "2024-03-14",
    "beskrivelse": "KAFE ASYLET, Oslo, NOR",
    "belop": "-565.00"
  },
  {
    "kjopsdato": "2024-03-12",
    "posteringsdato": "2024-03-13",
    "beskrivelse": "KIWI 308 FREDEN, Oslo, NOR",
    "belop": "-90.10"
  },
  {
    "kjopsdato": "2024-03-12",
    "posteringsdato": "2024-03-13",
    "beskrivelse": "Oslo Street F BJL2Q2EZ, Oslo, NOR",
    "belop": "-199.00"
  },
  {
    "kjopsdato": "2024-03-10",
    "posteringsdato": "2024-03-11",
    "beskrivelse": "EBILLETT KULTUR, BODO, NOR",
    "belop": "-10.00"
  },
  {
    "kjopsdato": "2024-03-08",
    "posteringsdato": "2024-03-11",
    "beskrivelse": "BUNNPRIS SOFIEN, Oslo, NOR",
    "belop": "-171.70"
  },
  {
    "kjopsdato": "2024-03-08",
    "posteringsdato": "2024-03-11",
    "beskrivelse": "NORLI ELDORADO, Oslo, NOR",
    "belop": "-167.40"
  },
  {
    "kjopsdato": "2024-03-08",
    "posteringsdato": "2024-03-11",
    "beskrivelse": "KJELL & CONO013, Oslo, NOR",
    "belop": "-129.90"
  },
  {
    "kjopsdato": "2024-03-07",
    "posteringsdato": "2024-03-08",
    "beskrivelse": "TV2 A/S, BERGEN, NOR",
    "belop": "-159.00"
  },
  {
    "kjopsdato": "2024-03-07",
    "posteringsdato": "2024-03-07",
    "beskrivelse": "Vipps*Ruter, Oslo, NOR",
    "belop": "-69.00"
  },
  {
    "kjopsdato": "2024-03-06",
    "posteringsdato": "2024-03-07",
    "beskrivelse": "Vipps*Sandvikarevyen k, Oslo, NOR",
    "belop": "-35.00"
  },
  {
    "kjopsdato": "2024-03-04",
    "posteringsdato": "2024-03-05",
    "beskrivelse": "REMA 1000 RODELOKKA, OSLO, NOR",
    "belop": "-142.40"
  },
  {
    "kjopsdato": "2024-03-03",
    "posteringsdato": "2024-03-04",
    "beskrivelse": "Dominos, Oslo, NOR",
    "belop": "-199.00"
  },
  {
    "kjopsdato": "2024-03-02",
    "posteringsdato": "2024-03-04",
    "beskrivelse": "NORDBY BAKERI O, OSLO, NOR",
    "belop": "-146.00"
  },
  {
    "kjopsdato": "2024-03-02",
    "posteringsdato": "2024-03-04",
    "beskrivelse": "Cale AS Parkeringstill, Kista, SWE",
    "belop": "-475.00"
  },
  {
    "kjopsdato": "2024-02-28",
    "posteringsdato": "2024-03-01",
    "beskrivelse": "COOP PRIX CARL BERNER, OSLO, NOR",
    "belop": "-524.36"
  },
  {
    "kjopsdato": "2024-02-27",
    "posteringsdato": "2024-02-28",
    "beskrivelse": "SAGENE TORG AS, Oslo, NOR",
    "belop": "-147.00"
  },
  {
    "kjopsdato": "2024-02-27",
    "posteringsdato": "2024-02-28",
    "beskrivelse": "ALBILLETT AS, OSLO, NOR",
    "belop": "-500.00"
  },
  {
    "kjopsdato": "2024-02-26",
    "posteringsdato": "2024-02-27",
    "beskrivelse": "Oda.com - hvzfpv, Oslo, NOR",
    "belop": "-1651.04"
  },
  {
    "kjopsdato": "2024-02-26",
    "posteringsdato": "2024-02-27",
    "beskrivelse": "CIRCLE K KIELLANDS PLA, OSLO, NOR",
    "belop": "-229.00"
  },
  {
    "kjopsdato": "2024-02-26",
    "posteringsdato": "2024-02-27",
    "beskrivelse": "BAKER HANSEN ST, Oslo, NOR",
    "belop": "-35.00"
  },
  {
    "kjopsdato": "2024-02-22",
    "posteringsdato": "2024-02-23",
    "beskrivelse": "JERNIA THORSTENSEN, OSLO, NOR",
    "belop": "-828.50"
  },
  {
    "kjopsdato": "2024-02-22",
    "posteringsdato": "2024-02-23",
    "beskrivelse": "JOKER TRONDHEIM, Oslo, NOR",
    "belop": "-209.60"
  },
  {
    "kjopsdato": "2024-02-22",
    "posteringsdato": "2024-02-22",
    "beskrivelse": "Loevenskiold Handel AS, Oslo, NOR",
    "belop": "-193.71"
  },
  {
    "kjopsdato": "2024-02-21",
    "posteringsdato": "2024-02-22",
    "beskrivelse": "MONSUN RESTAURANT AS, Oslo, NOR",
    "belop": "-952.60"
  },
  {
    "kjopsdato": "2024-02-21",
    "posteringsdato": "2024-02-23",
    "beskrivelse": "COOP PRIX CARL BERNER, OSLO, NOR",
    "belop": "-413.90"
  },
  {
    "kjopsdato": "2024-02-21",
    "posteringsdato": "2024-02-22",
    "beskrivelse": "JERNIA THORSTENSEN, OSLO, NOR",
    "belop": "-1014.00"
  },
  {
    "kjopsdato": "2024-02-20",
    "posteringsdato": "2024-02-21",
    "beskrivelse": "BUNNPRIS SOFIEN, Oslo, NOR",
    "belop": "-129.40"
  },
  {
    "kjopsdato": "2024-02-20",
    "posteringsdato": "2024-02-21",
    "beskrivelse": "UNO X HOVIK, HOVIK, NOR",
    "belop": "-242.60"
  },
  {
    "kjopsdato": "2024-02-20",
    "posteringsdato": "2024-02-21",
    "beskrivelse": "CIRCLE K HOYDALSMO, HOYDALSMO, NOR",
    "belop": "-163.00"
  },
  {
    "kjopsdato": "2024-02-20",
    "posteringsdato": "2024-02-21",
    "beskrivelse": "Billettservice AS, Oslo, NOR",
    "belop": "-720.00"
  },
  {
    "kjopsdato": "2024-02-19",
    "posteringsdato": "2024-02-19",
    "beskrivelse": "Vipps*Parkering sum +, Oslo, NOR",
    "belop": "-100.00"
  },
  {
    "kjopsdato": "2024-02-17",
    "posteringsdato": "2024-02-19",
    "beskrivelse": "CIRCKE K KONGSBERGPORT, KONGSBERG, NOR",
    "belop": "-606.11"
  },
  {
    "kjopsdato": "2024-02-17",
    "posteringsdato": "2024-02-20",
    "beskrivelse": "RODELØKKA POST, Oslo, NOR",
    "belop": "-29.00"
  },
  {
    "kjopsdato": "2024-02-17",
    "posteringsdato": "2024-02-19",
    "beskrivelse": "REMA 1000 RODELOKKA, OSLO, NOR",
    "belop": "-91.70"
  },
  {
    "kjopsdato": "2024-02-16",
    "posteringsdato": "2024-02-19",
    "beskrivelse": "Foodora Norway, Oslo, NOR",
    "belop": "-511.60"
  },
  {
    "kjopsdato": "2024-02-16",
    "posteringsdato": "2024-02-19",
    "beskrivelse": "COOP PRIX CARL BERNER, OSLO, NOR",
    "belop": "-314.15"
  },
  {
    "kjopsdato": "2024-02-15",
    "posteringsdato": "2024-02-16",
    "beskrivelse": "Vipps*NETONNET, Oslo, NOR",
    "belop": "-1048.00"
  },
  {
    "kjopsdato": "2024-02-15",
    "posteringsdato": "2024-02-16",
    "beskrivelse": "BUNNPRIS SOFIEN, Oslo, NOR",
    "belop": "-54.90"
  },
  {
    "kjopsdato": "2024-02-15",
    "posteringsdato": "2024-02-16",
    "beskrivelse": "REMA 1000 SOFIENBERG, OSLO, NOR",
    "belop": "-134.20"
  },
  {
    "kjopsdato": "2024-02-14",
    "posteringsdato": "2024-02-16",
    "beskrivelse": "ROCK IN, OSLO, NOR",
    "belop": "-190.00"
  },
  {
    "kjopsdato": "2024-02-14",
    "posteringsdato": "2024-02-16",
    "beskrivelse": "DATTERA, Oslo, NOR",
    "belop": "-184.00"
  },
  {
    "kjopsdato": "2024-02-14",
    "posteringsdato": "2024-02-16",
    "beskrivelse": "DATTERA, Oslo, NOR",
    "belop": "-648.00"
  },
  {
    "kjopsdato": "2024-02-14",
    "posteringsdato": "2024-02-16",
    "beskrivelse": "DATTERA, Oslo, NOR",
    "belop": "-276.00"
  },
  {
    "kjopsdato": "2024-02-12",
    "posteringsdato": "2024-02-13",
    "beskrivelse": "IKEA FURUSET HFB MAIN, OSLO, NOR",
    "belop": "-630.00"
  },
  {
    "kjopsdato": "2024-02-12",
    "posteringsdato": "2024-02-13",
    "beskrivelse": "IKEA FURUSET IF CUSTOM, OSLO, NOR",
    "belop": "-322.00"
  },
  {
    "kjopsdato": "2024-02-12",
    "posteringsdato": "2024-02-13",
    "beskrivelse": "COOP OBS BYGG ALNABRU, OSLO, NOR",
    "belop": "-282.70"
  },
  {
    "kjopsdato": "2024-02-12",
    "posteringsdato": "2024-02-13",
    "beskrivelse": "COOP OBS BYGG ALNABRU, OSLO, NOR",
    "belop": "-1670.43"
  },
  {
    "kjopsdato": "2024-02-11",
    "posteringsdato": "2024-02-12",
    "beskrivelse": "BOSU AS, OSLO, NOR",
    "belop": "-412.00"
  },
  {
    "kjopsdato": "2024-02-11",
    "posteringsdato": "2024-02-12",
    "beskrivelse": "DEVOLD ISLENDER by Olm, Oslo, NOR",
    "belop": "-748.00"
  },
  {
    "kjopsdato": "2024-02-10",
    "posteringsdato": "2024-02-12",
    "beskrivelse": "BOBS PUB, Droebak, NOR",
    "belop": "-237.00"
  },
  {
    "kjopsdato": "2024-02-10",
    "posteringsdato": "2024-02-12",
    "beskrivelse": "IKEA FURUSET HFB MAIN, OSLO, NOR",
    "belop": "-3050.00"
  },
  {
    "kjopsdato": "2024-02-10",
    "posteringsdato": "2024-02-12",
    "beskrivelse": "IKEA FURUSET HFB MAIN, OSLO, NOR",
    "belop": "-1873.00"
  },
  {
    "kjopsdato": "2024-02-10",
    "posteringsdato": "2024-02-12",
    "beskrivelse": "VINMONOPOLET CA, OSLO, NOR",
    "belop": "-390.10"
  },
  {
    "kjopsdato": "2024-02-10",
    "posteringsdato": "2024-02-12",
    "beskrivelse": "COOP PRIX CARL BERNER, OSLO, NOR",
    "belop": "-349.17"
  },
  {
    "kjopsdato": "2024-02-08",
    "posteringsdato": "2024-02-09",
    "beskrivelse": "BUNNPRIS SOFIEN, Oslo, NOR",
    "belop": "-129.20"
  },
  {
    "kjopsdato": "2024-02-08",
    "posteringsdato": "2024-02-09",
    "beskrivelse": "INTERFLORA NORG, Billingstad, NOR",
    "belop": "-469.00"
  },
  {
    "kjopsdato": "2024-02-07",
    "posteringsdato": "2024-02-08",
    "beskrivelse": "TV2 A/S, BERGEN, NOR",
    "belop": "-159.00"
  },
  {
    "kjopsdato": "2024-02-07",
    "posteringsdato": "2024-02-09",
    "beskrivelse": "COOP PRIX CARL BERNER, OSLO, NOR",
    "belop": "-341.73"
  },
  {
    "kjopsdato": "2024-02-07",
    "posteringsdato": "2024-02-08",
    "beskrivelse": "DOMENESHOP.NO, Oslo, NOR",
    "belop": "-95.00"
  },
  {
    "kjopsdato": "2024-02-07",
    "posteringsdato": "2024-02-08",
    "beskrivelse": "MATKROKEN TASEN 838153, OSLO, NOR",
    "belop": "-166.05"
  },
  {
    "kjopsdato": "2024-02-05",
    "posteringsdato": "2024-02-06",
    "beskrivelse": "VEGA SNACKBAR A, Oslo, NOR",
    "belop": "-119.00"
  },
  {
    "kjopsdato": "2024-02-05",
    "posteringsdato": "2024-02-06",
    "beskrivelse": "Vipps*Komplett.no, Oslo, NOR",
    "belop": "-549.00"
  },
  {
    "kjopsdato": "2024-02-05",
    "posteringsdato": "2024-02-06",
    "beskrivelse": "EXTRA TRONDHEIMSVEIEN, OSLO, NOR",
    "belop": "-311.80"
  },
  {
    "kjopsdato": "2024-02-05",
    "posteringsdato": "2024-02-06",
    "beskrivelse": "DOMENESHOP.NO, Oslo, NOR",
    "belop": "-95.00"
  },
  {
    "kjopsdato": "2024-02-04",
    "posteringsdato": "2024-02-05",
    "beskrivelse": "UNO-X TONSBERG 0359, TOENSBERG, NOR",
    "belop": "-600.04"
  },
  {
    "kjopsdato": "2024-02-04",
    "posteringsdato": "2024-02-05",
    "beskrivelse": "HAUGAR KUNSTMUS, Toensberg, NOR",
    "belop": "-130.00"
  },
  {
    "kjopsdato": "2024-02-04",
    "posteringsdato": "2024-02-05",
    "beskrivelse": "KIWI 420 VITBAN, Lierstranda, NOR",
    "belop": "-148.10"
  },
  {
    "kjopsdato": "2024-02-04",
    "posteringsdato": "2024-02-05",
    "beskrivelse": "9 PLANTASJEN, 3400 LIER, NOR",
    "belop": "-199.00"
  },
  {
    "kjopsdato": "2024-02-04",
    "posteringsdato": "2024-02-05",
    "beskrivelse": "NAF AS, OSLO, NOR",
    "belop": "-290.00"
  },
  {
    "kjopsdato": "2024-02-03",
    "posteringsdato": "2024-02-05",
    "beskrivelse": "EBILLETT KULTUR, BODO, NOR",
    "belop": "-200.00"
  },
  {
    "kjopsdato": "2024-02-03",
    "posteringsdato": "2024-02-05",
    "beskrivelse": "REMA 1000 TOYEN, OSLO, NOR",
    "belop": "-352.66"
  },
  {
    "kjopsdato": "2024-02-02",
    "posteringsdato": "2024-02-05",
    "beskrivelse": "MAMOUNIA AS, Oslo, NOR",
    "belop": "-228.00"
  },
  {
    "kjopsdato": "2024-02-02",
    "posteringsdato": "2024-02-05",
    "beskrivelse": "TYREN BISTRO AS, Oslo, NOR",
    "belop": "-650.00"
  },
  {
    "kjopsdato": "2024-02-02",
    "posteringsdato": "2024-02-05",
    "beskrivelse": "2541 OBS ALNABRU 84184, OSLO, NOR",
    "belop": "-439.02"
  },
  {
    "kjopsdato": "2024-02-02",
    "posteringsdato": "2024-02-05",
    "beskrivelse": "COOP OBS BYGG ALNABRU, OSLO, NOR",
    "belop": "-704.80"
  },
  {
    "kjopsdato": "2024-02-01",
    "posteringsdato": "2024-02-05",
    "beskrivelse": "COOP PRIX CARL BERNER, OSLO, NOR",
    "belop": "-200.10"
  },
  {
    "kjopsdato": "2024-01-31",
    "posteringsdato": "2024-01-31",
    "beskrivelse": "Cale AS Parkeringstill, Kista, SWE",
    "belop": "-475.00"
  },
  {
    "kjopsdato": "2024-01-30",
    "posteringsdato": "2024-01-31",
    "beskrivelse": "REMA MOGATA, Oslo, NOR",
    "belop": "-380.34"
  },
  {
    "kjopsdato": "2024-01-29",
    "posteringsdato": "2024-01-30",
    "beskrivelse": "JOKER CARL BERN, Oslo, NOR",
    "belop": "-131.03"
  },
  {
    "kjopsdato": "2024-01-28",
    "posteringsdato": "2024-01-29",
    "beskrivelse": "BUNNPRIS SOFIEN, Oslo, NOR",
    "belop": "-119.80"
  },
  {
    "kjopsdato": "2024-01-27",
    "posteringsdato": "2024-01-29",
    "beskrivelse": "TICKETMASTER NORWAY, OSLO, NOR",
    "belop": "-1280.00"
  },
  {
    "kjopsdato": "2024-01-27",
    "posteringsdato": "2024-01-29",
    "beskrivelse": "VINMONOPOLET, OSLO, NOR",
    "belop": "-239.90"
  },
  {
    "kjopsdato": "2024-01-27",
    "posteringsdato": "2024-01-29",
    "beskrivelse": "JACOBS MAJORSTU, Oslo, NOR",
    "belop": "-864.92"
  },
  {
    "kjopsdato": "2024-01-27",
    "posteringsdato": "2024-01-29",
    "beskrivelse": "HANDWERK BOTANISKE, GRUNERLKKA OS, NOR",
    "belop": "-96.00"
  },
  {
    "kjopsdato": "2024-01-26",
    "posteringsdato": "2024-01-29",
    "beskrivelse": "COOP PRIX CARL BERNER, OSLO, NOR",
    "belop": "-426.38"
  },
  {
    "kjopsdato": "2024-01-24",
    "posteringsdato": "2024-01-25",
    "beskrivelse": "REMA MOGATA, Oslo, NOR",
    "belop": "-311.99"
  },
  {
    "kjopsdato": "2024-01-23",
    "posteringsdato": "2024-01-24",
    "beskrivelse": "REMA TØYEN, Oslo, NOR",
    "belop": "-207.28"
  },
  {
    "kjopsdato": "2024-01-22",
    "posteringsdato": "2024-01-23",
    "beskrivelse": "Vipps*Mini Sushi, Oslo, NOR",
    "belop": "-504.00"
  },
  {
    "kjopsdato": "2024-01-20",
    "posteringsdato": "2024-01-22",
    "beskrivelse": "COOP PRIX CARL BERNER, OSLO, NOR",
    "belop": "-313.45"
  },
  {
    "kjopsdato": "2024-01-20",
    "posteringsdato": "2024-01-22",
    "beskrivelse": "Carls, Oslo, NOR",
    "belop": "-294.00"
  },
  {
    "kjopsdato": "2024-01-20",
    "posteringsdato": "2024-01-22",
    "beskrivelse": "Vipps*BINGOKONGEN, Oslo, NOR",
    "belop": "-145.00"
  },
  {
    "kjopsdato": "2024-01-20",
    "posteringsdato": "2024-01-22",
    "beskrivelse": "FAVRIT, Oslo, NOR",
    "belop": "-294.00"
  },
  {
    "kjopsdato": "2024-01-20",
    "posteringsdato": "2024-01-22",
    "beskrivelse": "FAVRIT, Oslo, NOR",
    "belop": "-331.00"
  },
  {
    "kjopsdato": "2024-01-19",
    "posteringsdato": "2024-01-22",
    "beskrivelse": "APOTEK 1,KRONEN, OSLO, NOR",
    "belop": "-89.90"
  },
  {
    "kjopsdato": "2024-01-19",
    "posteringsdato": "2024-01-22",
    "beskrivelse": "VOUCHER EXPRESS, RIPON, GBR",
    "belop": "-500.00"
  },
  {
    "kjopsdato": "2024-01-19",
    "posteringsdato": "2024-01-22",
    "beskrivelse": "BACKSTUBE TORGGATAN, OSLO, NOR",
    "belop": "-39.00"
  },
  {
    "kjopsdato": "2024-01-17",
    "posteringsdato": "2024-01-19",
    "beskrivelse": "COOP PRIX CARL BERNER, OSLO, NOR",
    "belop": "-429.10"
  },
  {
    "kjopsdato": "2024-01-13",
    "posteringsdato": "2024-01-15",
    "beskrivelse": "REMA TØYEN, Oslo, NOR",
    "belop": "-239.56"
  },
  {
    "kjopsdato": "2024-01-13",
    "posteringsdato": "2024-01-15",
    "beskrivelse": "KIWI 355 W.M.TH, Oslo, NOR",
    "belop": "-375.00"
  },
  {
    "kjopsdato": "2024-01-13",
    "posteringsdato": "2024-01-15",
    "beskrivelse": "GUTTA DRIFT AS, OSLO, NOR",
    "belop": "-509.00"
  },
  {
    "kjopsdato": "2024-01-13",
    "posteringsdato": "2024-01-15",
    "beskrivelse": "BAKER HANSEN ST, Oslo, NOR",
    "belop": "-256.00"
  },
  {
    "kjopsdato": "2024-01-13",
    "posteringsdato": "2024-01-15",
    "beskrivelse": "NORLI ELDORADO, Oslo, NOR",
    "belop": "-418.00"
  },
  {
    "kjopsdato": "2024-01-13",
    "posteringsdato": "2024-01-15",
    "beskrivelse": "Jack  Jones, Oslo, NOR",
    "belop": "-199.00"
  },
  {
    "kjopsdato": "2024-01-13",
    "posteringsdato": "2024-01-15",
    "beskrivelse": "Blomsterista, Oslo, NOR",
    "belop": "-153.00"
  },
  {
    "kjopsdato": "2024-01-12",
    "posteringsdato": "2024-01-15",
    "beskrivelse": "VEGA SNACKBAR, OSLO, NOR",
    "belop": "-218.00"
  },
  {
    "kjopsdato": "2024-01-12",
    "posteringsdato": "2024-01-15",
    "beskrivelse": "GIROTONDO, OSLO, NOR",
    "belop": "-830.00"
  },
  {
    "kjopsdato": "2024-01-10",
    "posteringsdato": "2024-01-10",
    "beskrivelse": "HELLOFRESH, Oslo, NOR",
    "belop": "-552.00"
  },
  {
    "kjopsdato": "2024-01-08",
    "posteringsdato": "2024-01-09",
    "beskrivelse": "REMA MOGATA, Oslo, NOR",
    "belop": "-276.99"
  },
  {
    "kjopsdato": "2024-01-08",
    "posteringsdato": "2024-01-09",
    "beskrivelse": "COOP MEGA CARL BERNER, OSLO, NOR",
    "belop": "-38.80"
  },
  {
    "kjopsdato": "2024-01-07",
    "posteringsdato": "2024-01-08",
    "beskrivelse": "TV2 A/S, BERGEN, NOR",
    "belop": "-399.00"
  },
  {
    "kjopsdato": "2024-01-05",
    "posteringsdato": "2024-01-08",
    "beskrivelse": "Ekspedisjonshallen, Oslo, NOR",
    "belop": "-1062.60"
  },
  {
    "kjopsdato": "2024-01-04",
    "posteringsdato": "2024-01-05",
    "beskrivelse": "REMA TØYEN, Oslo, NOR",
    "belop": "-217.11"
  },
  {
    "kjopsdato": "2024-01-04",
    "posteringsdato": "2024-01-04",
    "beskrivelse": "HELLOFRESH, Oslo, NOR",
    "belop": "-552.00"
  },
  {
    "kjopsdato": "2024-01-03",
    "posteringsdato": "2024-01-04",
    "beskrivelse": "REMA MOGATA, Oslo, NOR",
    "belop": "-563.69"
  }
]